baker_uncertainty_index,foreign_investment_net,cargo_traffic_domestic,cargo_traffic_international,automobile_monthly,automobile_sales_passenger,automobile_sales_two_wheeler,aircraft_international,cargo_domestic,cargo_international,passenger_india,freight_traffic,foreign_exchange_earning,foreign_tourist_arrival,scheduled_bank_liabilities,scheduled_bank_demand_time_deposit,scheduled_bank_deposits,scheduled_bank_demand_deposits,ceic_leading_indicator,repo_rate,crr,electricity_generation,bse_sensex_average,mutual_fund_equity,mutual_fund_debt,exports_usd,import_usd,import_usd_oil,export_inr_india,import_inr,currency_with_public,demand_deposit_with_bank,money_supply_m4,money_supply_m3,money_supply_m2,net_bank_to_govt_m3,inbound_tourism_earning,foreign_tourist_arrival.1,aircraft_movement_india,cargo_traffic,cargo_traffic_international.1,passenger_traffic,freight_traffic.1,gdp_yoy_pct
-0.303602,-1.070281,-1.668604,-1.861801,-1.677164,-1.723204,-1.655887,-1.684803,-1.668604,-1.861801,-1.050981,-1.690599,-1.191799,-1.04935,-1.104533,-1.042172,-1.270692,-1.233098,-1.525331,0.71786,0.040878,-1.337685,-1.369953,-0.43902,-1.060449,-1.79374,-1.838354,-1.68732,-1.389897,-1.421201,-1.190467,-1.260155,-1.247912,-1.263728,-1.207567,-1.172997,-1.191799,-1.04935,-1.684803,-1.668604,-1.861801,-1.050981,-1.690599,-0.717937
-0.538084,-0.989892,-1.639202,-1.83385,-1.650239,-1.805772,-1.588787,-1.757783,-1.639202,-1.83385,-0.897783,-1.744876,-1.232742,-1.412186,-1.111022,-1.025671,-1.26001,-1.214282,-0.786891,0.452578,-0.036233,-1.329522,-1.376281,-0.437779,-0.965352,-1.825854,-1.8018,-1.710529,-1.411753,-1.403996,-1.170766,-1.234896,-1.23523,-1.251059,-1.186527,-1.147892,-1.232742,-1.412186,-1.757783,-1.639202,-1.83385,-0.897783,-1.744876,-0.285829
-0.72567,-0.856817,-1.505775,-1.831771,-1.577543,-1.686683,-1.536925,-1.698787,-1.505775,-1.831771,-0.940338,-1.754265,-1.194086,-1.224785,-1.106176,-1.042267,-1.251991,-1.210407,-0.956472,0.452578,-0.190455,-1.317989,-1.32442,-0.416216,-0.931761,-1.781062,-1.796967,-1.705817,-1.393874,-1.406503,-1.174309,-1.241657,-1.229497,-1.245742,-1.19032,-1.146136,-1.194086,-1.224785,-1.698787,-1.505775,-1.831771,-0.940338,-1.754265,0.184392
-0.944519,-0.614097,-1.494653,-1.75458,-1.525596,-1.707692,-1.442517,-1.58592,-1.494653,-1.75458,-0.886931,-1.644831,-1.157432,-0.898443,-1.19016,-1.094323,-1.245492,-1.192672,0.102417,0.452578,-0.190455,-1.301928,-1.258895,-0.384629,-0.973947,-1.708103,-1.725811,-1.639429,-1.358401,-1.370669,-1.159358,-1.21394,-1.219815,-1.236269,-1.17073,-1.140301,-1.157432,-0.898443,-1.58592,-1.494653,-1.75458,-0.886931,-1.644831,0.942529
-0.663141,-0.645683,-1.465349,-1.663985,-1.496024,-1.432809,-1.465068,-1.451601,-1.465349,-1.663985,-0.94438,-1.505177,-1.090585,-0.77802,-1.187022,-1.072098,-1.231352,-1.161115,1.077491,0.187296,-0.190455,-1.284839,-1.211707,-0.397763,-1.009718,-1.610373,-1.706291,-1.610703,-1.309114,-1.361748,-1.143367,-1.185,-1.2063,-1.222906,-1.150099,-1.134424,-1.090585,-0.77802,-1.451601,-1.465349,-1.663985,-0.94438,-1.505177,0.491747
0.642141,-1.090216,-1.40876,-1.582843,-1.531128,-1.618721,-1.486548,-1.5189,-1.40876,-1.582843,-0.856717,-1.636909,-1.207827,-1.210526,-1.149872,-1.044854,-1.216669,-1.149209,-0.906483,-0.343269,-0.190455,-1.260688,-1.243977,-0.399959,-1.037771,-1.669997,-1.659791,-1.508915,-1.342646,-1.338686,-1.121964,-1.166621,-1.190866,-1.207516,-1.130769,-1.126387,-1.207827,-1.210526,-1.5189,-1.40876,-1.582843,-0.856717,-1.636909,0.455489
-0.772566,-1.019148,-1.222292,-1.507902,-1.422535,-1.490728,-1.373569,-1.434319,-1.222292,-1.507902,-0.722457,-1.603463,-1.154058,-1.053088,-1.15877,-1.075065,-1.209488,-1.14134,-0.840893,-0.343269,-0.113344,-1.250053,-1.25014,-0.463077,-1.017229,-1.631746,-1.621518,-1.496525,-1.312859,-1.309949,-1.126465,-1.167033,-1.187248,-1.204446,-1.132751,-1.126186,-1.154058,-1.053088,-1.434319,-1.222292,-1.507902,-0.722457,-1.603463,0.400784
-0.639693,-0.51442,-1.215196,-1.420152,-1.307754,-1.464982,-1.196594,-1.228172,-1.215196,-1.420152,-0.661816,-1.456035,-1.035231,-0.583902,-1.023116,-1.091161,-1.201897,-1.101665,-0.475479,-0.343269,0.272212,-1.237815,-1.197972,-0.49512,-1.007741,-1.549872,-1.542973,-1.538362,-1.279942,-1.276907,-1.112763,-1.135713,-1.1794,-1.196893,-1.11227,-1.12925,-1.035231,-0.583902,-1.228172,-1.215196,-1.420152,-0.661816,-1.456035,0.08931
-0.921071,-0.61332,-1.260246,-1.403589,-1.337989,-1.328705,-1.30683,-1.122456,-1.260246,-1.403589,-0.710541,-1.31066,-0.891759,-0.586915,-1.047691,-1.086017,-1.191335,-1.096824,-0.710763,-0.343269,0.272212,-1.206654,-1.16635,-0.320445,-0.906542,-1.351379,-1.428385,-1.413188,-1.190064,-1.227222,-1.098609,-1.12079,-1.164014,-1.181526,-1.097932,-1.122921,-0.891759,-0.586915,-1.122456,-1.260246,-1.403589,-0.710541,-1.31066,0.415034
-0.444291,-0.936429,-1.256613,-1.342412,-1.352949,-1.519006,-1.296355,-1.350653,-1.256613,-1.342412,-0.535002,-1.358336,-1.071085,-1.094736,-0.904678,-1.044455,-1.173511,-1.072808,-0.697675,-0.343269,0.272212,-1.167446,-1.162066,-0.282749,-0.82347,-1.45532,-1.367129,-1.337483,-1.243845,-1.196657,-1.071664,-1.087131,-1.145902,-1.163423,-1.069914,-1.118891,-1.071085,-1.094736,-1.350653,-1.256613,-1.342412,-0.535002,-1.358336,0.599193
-1.10084,-0.511054,-1.208503,-1.310024,-1.26828,-1.430657,-1.227995,-1.147246,-1.208503,-1.310024,-0.583728,-1.460729,-1.030657,-0.93978,-0.889759,-1.029746,-1.157243,-1.024219,-0.56972,-0.343269,0.272212,-1.157622,-1.088512,-0.143743,-0.8003,-1.419881,-1.348678,-1.179805,-1.224918,-1.186122,-1.07794,-1.05562,-1.134727,-1.1525,-1.060613,-1.12186,-1.030657,-0.93978,-1.147246,-1.208503,-1.310024,-0.583728,-1.460729,0.362486
-1.116473,-0.666006,-1.131138,-1.217674,-1.170789,-1.417461,-1.067261,-0.92632,-1.131138,-1.217674,-0.459467,-1.250516,-0.827942,-0.399218,-0.931683,-1.037747,-1.146098,-1.007331,-0.100315,-0.144307,0.272212,-1.200794,-1.034608,-0.319113,-0.995856,-1.396865,-1.385069,-1.25492,-1.195263,-1.188354,-1.057009,-1.032328,-1.120786,-1.138602,-1.039771,-1.120859,-0.827942,-0.399218,-0.92632,-1.131138,-1.217674,-0.459467,-1.250516,0.50084
-1.304058,-0.415778,-1.178196,-1.176292,-1.130124,-1.162951,-1.104463,-0.890009,-1.178196,-1.176292,-0.441169,-0.985292,-0.791802,-0.348607,-0.970026,-1.100955,-1.128784,-0.949423,1.311874,0.054655,0.272212,-1.19508,-0.940217,-0.278932,-0.985763,-1.227563,-1.312008,-1.104919,-1.118386,-1.159603,-1.03398,-0.967509,-1.103291,-1.12082,-1.001098,-1.11596,-0.791802,-0.348607,-0.890009,-1.178196,-1.176292,-0.441169,-0.985292,0.678754
-1.085208,-1.06109,-1.214058,-1.040472,-1.113369,-1.277541,-1.056434,-0.915355,-1.214058,-1.040472,-0.301376,-1.129639,-0.984796,-0.934958,-0.992983,-1.121437,-1.101647,-0.918578,0.882221,0.120975,0.272212,-1.175647,-0.882388,0.005184,-0.747685,-1.250555,-1.226315,-1.010939,-1.116714,-1.102009,-1.004005,-0.940534,-1.077409,-1.09437,-0.973166,-1.105407,-0.984796,-0.934958,-0.915355,-1.214058,-1.040472,-0.301376,-1.129639,0.273362
-0.749118,-0.594161,-1.050238,-1.056144,-1.064624,-1.167381,-1.052519,-0.874039,-1.050238,-1.056144,-0.329462,-1.237753,-0.952659,-0.807688,-0.955366,-1.111553,-1.08338,-0.930825,0.590423,0.452578,0.272212,-1.14776,-0.869485,-0.34481,-0.785886,-1.141981,-1.104719,-0.848411,-1.047563,-1.02518,-1.003092,-0.937163,-1.059212,-1.076028,-0.971345,-1.10178,-0.952659,-0.807688,-0.874039,-1.050238,-1.056144,-0.329462,-1.237753,0.721369
-0.663141,0.278077,-0.972628,-1.059637,-1.000508,-1.152066,-0.908737,-0.750445,-0.972628,-1.059637,-0.267545,-1.019032,-0.75469,-0.236066,-0.912227,-1.110285,-1.067254,-0.888631,1.287349,0.651539,0.349323,-1.139672,-0.749562,-0.348896,-0.884151,-1.192545,-1.060334,-0.967884,-1.092982,-1.019355,-0.981242,-0.914905,-1.044926,-1.061679,-0.950399,-1.101983,-0.75469,-0.236066,-0.750445,-0.972628,-1.059637,-0.267545,-1.019032,0.528535
-0.80383,-0.562446,-0.987409,-0.97177,-1.029827,-0.848928,-1.028886,-0.675122,-0.987409,-0.97177,-0.277758,-0.782854,-0.671603,-0.059724,-0.880092,-1.050787,-1.035903,-0.833243,0.893696,0.916822,0.966211,-1.118267,-0.722541,-0.586812,-0.887695,-1.059263,-1.141784,-1.054224,-1.03521,-1.073299,-0.954299,-0.850031,-1.014473,-1.030235,-0.909156,-1.094058,-0.671603,-0.059724,-0.675122,-0.987409,-0.97177,-0.277758,-0.782854,0.595974
-1.046128,0.401055,-1.042835,-0.793074,-1.168121,-1.093634,-1.191659,-0.659588,-1.042835,-0.793074,-0.148391,-0.995414,-0.936533,-0.80989,-0.843849,-1.059548,-1.008603,-0.86257,0.435392,1.049463,1.660211,-1.099101,-0.702135,-0.22734,-0.674122,-1.004721,-0.828814,-0.758883,-1.052202,-0.958313,-0.927757,-0.875054,-0.989173,-1.004037,-0.903255,-1.071375,-0.936533,-0.80989,-0.659588,-1.042835,-0.793074,-0.148391,-0.995414,0.853305
-1.007048,0.488693,-0.93093,-0.750919,-1.109248,-0.975775,-1.204228,-0.590184,-0.93093,-0.750919,-0.127326,-1.001868,-0.907941,-0.6495,-0.859828,-1.038851,-0.975379,-0.795434,0.176257,1.049463,1.968656,-1.078503,-0.616914,-0.309339,-0.570426,-0.939258,-0.824726,-0.713099,-1.03182,-0.967321,-0.942609,-0.819024,-0.962703,-0.976575,-0.889131,-1.056654,-0.907941,-0.6495,-0.590184,-0.93093,-0.750919,-0.127326,-1.001868,0.497834
-0.616245,1.39899,-0.859781,-0.770678,-1.012484,-0.928109,-0.983125,-0.361948,-0.859781,-0.770678,-0.067536,-0.750434,-0.662797,0.02388,-0.866586,-1.047811,-0.951506,-0.773694,0.835344,1.049463,2.431323,-1.034244,-0.378275,-0.259405,-0.954712,-0.773603,-0.723835,-0.541644,-0.972912,-0.937748,-0.906327,-0.78867,-0.938525,-0.951384,-0.858536,-1.075909,-0.662797,0.02388,-0.361948,-0.859781,-0.770678,-0.067536,-0.750434,0.89064
0.946968,-0.166068,-0.90827,-0.692353,-1.045078,-0.675003,-1.161103,-0.292345,-0.90827,-0.692353,-0.060089,-0.459099,-0.605042,0.062559,-0.767629,-0.963452,-0.911467,-0.636931,0.552546,1.049463,2.585545,-1.009603,-0.47564,-0.127714,-0.711063,-0.58911,-0.650195,-0.123128,-0.880713,-0.89661,-0.868117,-0.696609,-0.902985,-0.914055,-0.800197,-1.067495,-0.605042,0.062559,-0.292345,-0.90827,-0.692353,-0.060089,-0.459099,0.371825
0.876623,-0.452801,-1.003021,-0.604873,-1.034789,-0.85291,-1.092691,-0.37911,-1.003021,-0.604873,0.042894,-0.731217,-0.832402,-0.719288,-0.651521,-0.924921,-0.889319,-0.726026,-0.154992,1.248424,3.125323,-0.981914,-0.572219,-0.275942,-0.593856,-0.257793,-0.150839,0.202679,-0.683865,-0.617395,-0.819631,-0.73722,-0.875668,-0.885575,-0.788392,-1.039728,-0.832402,-0.719288,-0.37911,-1.003021,-0.604873,0.042894,-0.731217,0.028227
1.095473,-0.460568,-0.910154,-0.583223,-0.890062,-0.961449,-0.987411,-0.292424,-0.910154,-0.583223,0.1546,-0.791508,-0.731474,-0.522577,-0.575938,-0.980263,-0.863463,-0.706892,-0.432015,2.044271,3.896434,-0.961102,-0.69358,-0.266207,-0.704805,-0.394765,0.025151,0.52405,-0.705138,-0.474619,-0.82732,-0.707461,-0.854276,-0.863365,-0.781245,-1.014284,-0.731474,-0.522577,-0.292424,-0.910154,-0.583223,0.1546,-0.791508,-0.185298
1.939607,-1.454749,-1.031004,-0.882067,-1.193081,-1.199371,-1.218773,-0.127832,-1.031004,-0.882067,0.156302,-0.704225,-0.613448,-0.052138,-0.433425,-0.898596,-0.831584,-0.721973,-1.742539,0.71786,0.8891,-0.943449,-0.960322,-0.35836,-1.370284,-0.903198,-0.613216,-0.695805,-0.880059,-0.710154,-0.797039,-0.747014,-0.82722,-0.835111,-0.777412,-0.974886,-0.613448,-0.052138,-0.127832,-1.031004,-0.882067,0.156302,-0.704225,-0.918906
1.00168,-0.751314,-1.020555,-0.909198,-1.046936,-0.641311,-1.09205,-0.237163,-1.020555,-0.909198,0.127578,-0.389712,-0.668344,-0.186517,-0.65879,-0.894156,-0.79159,-0.682206,-1.967772,-0.873833,0.272212,-0.93867,-1.001446,-0.467116,-0.092808,-0.937398,-1.053042,-1.098238,-0.882746,-0.950222,-0.762198,-0.672715,-0.784457,-0.790328,-0.729345,-0.888113,-0.668344,-0.186517,-0.237163,-1.020555,-0.909198,0.127578,-0.389712,-1.469006
0.579613,0.748501,-0.865605,-0.710968,-0.89388,-0.777642,-0.878748,-0.260483,-0.865605,-0.710968,0.250136,-0.581149,-0.787914,-0.721808,-0.699995,-0.820625,-0.749266,-0.655408,-0.77534,-1.338077,0.272212,-0.921969,-0.769085,-0.274133,-0.185444,-0.912836,-0.761516,-0.785487,-0.885313,-0.796401,-0.715962,-0.651853,-0.744774,-0.749022,-0.693269,-0.809951,-0.787914,-0.721808,-0.260483,-0.865605,-0.710968,0.250136,-0.581149,-0.431718
0.48582,1.096464,-0.554679,-0.524081,-0.680847,-0.551607,-0.721332,-0.186152,-0.554679,-0.524081,0.277584,-0.556357,-0.674062,-0.553598,-0.815844,-0.794844,-0.723319,-0.590498,-0.0351,-1.338077,0.272212,-0.893742,-0.610489,-0.42208,-0.205154,-0.761097,-0.68559,-0.465411,-0.805581,-0.758226,-0.725013,-0.583287,-0.723197,-0.726567,-0.673866,-0.771495,-0.674062,-0.553598,-0.186152,-0.554679,-0.524081,0.277584,-0.556357,-0.046861
-0.28797,0.247268,-0.414718,-0.445693,-0.640597,-0.475392,-0.742096,-0.003127,-0.414718,-0.445693,0.353544,-0.416264,-0.513949,0.079755,-0.886171,-0.832112,-0.70109,-0.58718,0.139131,-1.338077,0.272212,-0.855636,-0.523152,-0.789233,-0.090413,-0.626635,-0.372238,-0.207975,-0.76492,-0.61746,-0.677463,-0.600802,-0.701525,-0.704054,-0.653047,-0.747312,-0.513949,0.079755,-0.003127,-0.414718,-0.445693,0.353544,-0.416264,0.422385
0.259154,0.550182,-0.419795,-0.209943,-0.416676,-0.025879,-0.517304,-0.115596,-0.419795,-0.209943,0.333331,-0.256514,-0.414107,0.101891,-0.795112,-0.727226,-0.664707,-0.496389,0.425604,-1.271756,0.734878,-0.820869,-0.52011,-0.714926,-0.438447,-0.431661,-0.32869,-0.109229,-0.67573,-0.609709,-0.643558,-0.479983,-0.662165,-0.663168,-0.586844,-0.685036,-0.414107,0.101891,-0.115596,-0.419795,-0.209943,0.333331,-0.256514,1.505566
0.696854,0.13361,-0.206324,-0.01923,-0.35445,-0.153798,-0.434121,-0.06975,-0.206324,-0.01923,0.470996,-0.506041,-0.649645,-0.61214,-0.736609,-0.67962,-0.630151,-0.486615,0.489544,-0.940154,1.197545,-0.802888,-0.497799,-0.539471,-0.267637,-0.26655,-0.119246,-0.080042,-0.593127,-0.503879,-0.572265,-0.497574,-0.62948,-0.629502,-0.552562,-0.630184,-0.649645,-0.61214,-0.06975,-0.206324,-0.01923,0.470996,-0.506041,0.702102
0.141913,1.953557,0.016765,0.106949,-0.150849,0.150348,-0.282848,-0.057991,0.016765,0.106949,0.549935,-0.48389,-0.585886,-0.389112,-0.689271,-0.645195,-0.606863,-0.458122,0.668988,-0.47591,1.197545,-0.766388,-0.424092,-1.130034,-0.255921,-0.3542,-0.207115,-0.22425,-0.621182,-0.529988,-0.569024,-0.436298,-0.602022,-0.601185,-0.526015,-0.607419,-0.585886,-0.389112,-0.057991,0.016765,0.106949,0.549935,-0.48389,0.796952
0.649957,0.392511,0.015761,-0.024172,-0.113639,0.150732,-0.146706,0.181449,0.015761,-0.024172,0.598661,-0.260181,-0.355323,0.314723,-0.667961,-0.617521,-0.563267,-0.382251,0.772792,-0.210628,1.197545,-0.715367,-0.321945,-0.640339,0.31079,0.059229,-0.055469,-0.116317,-0.441832,-0.488307,-0.524943,-0.381542,-0.561129,-0.558698,-0.479802,-0.586668,-0.355323,0.314723,0.181449,0.015761,-0.024172,0.598661,-0.260181,0.843166
0.74375,-0.951575,-0.093195,0.075928,0.017729,0.542394,-0.118608,0.095756,-0.093195,0.075928,0.566106,-0.068305,-0.345144,0.302616,-0.615428,-0.544969,-0.529038,-0.46406,1.059903,0.120975,1.197545,-0.68052,-0.415705,-0.340995,0.565868,0.473845,0.125299,0.295219,-0.214252,-0.380871,-0.478328,-0.433207,-0.524103,-0.519904,-0.470691,-0.538473,-0.345144,0.302616,0.095756,-0.093195,0.075928,0.566106,-0.068305,0.660665
0.079385,0.275876,-0.301283,0.141984,0.044789,0.065573,-0.04787,0.036244,-0.301283,0.141984,0.684409,-0.281452,-0.501884,-0.419669,-0.592665,-0.547376,-0.479574,-0.52573,0.329151,0.585219,1.197545,-0.639926,-0.411091,-0.387178,0.680275,0.480194,0.638993,0.95971,-0.227897,-0.124115,-0.416606,-0.506442,-0.478677,-0.472608,-0.465959,-0.464078,-0.501884,-0.419669,0.036244,-0.301283,0.141984,0.684409,-0.281452,0.379807
2.697765,-0.566588,-0.122291,0.03659,0.189935,0.025656,0.11435,0.098656,-0.122291,0.03659,0.773987,-0.399394,-0.365387,-0.306731,-0.594801,-0.51775,-0.436713,-0.497907,-0.251708,1.314745,1.197545,-0.573383,-0.490007,-0.310796,-0.429035,0.525077,0.595934,0.714761,-0.169398,-0.112607,-0.435838,-0.512375,-0.45176,-0.444547,-0.479451,-0.407714,-0.365387,-0.306731,0.098656,-0.122291,0.03659,0.773987,-0.399394,-0.306391
3.330866,-0.322315,-0.165237,-0.117944,0.179149,0.112947,0.118369,0.266387,-0.165237,-0.117944,0.791647,-0.106005,-0.066205,0.539,-0.564553,-0.536064,-0.40883,-0.487273,-0.171268,1.646348,1.197545,-0.515487,-0.547059,-0.376049,0.338954,0.324551,0.583733,0.647431,-0.11716,0.051256,-0.403114,-0.468847,-0.416301,-0.40772,-0.443956,-0.373798,-0.066205,0.539,0.266387,-0.165237,-0.117944,0.791647,-0.106005,-0.463216
2.596157,0.802093,-0.169299,-0.176294,0.312156,1.06906,0.154439,0.109263,-0.169299,-0.176294,0.804839,0.173008,-0.00113,0.542148,-0.453758,-0.418333,-0.384482,-0.474636,-0.264496,1.646348,0.503545,-0.43052,-0.502219,-0.69014,1.374029,0.585606,0.702947,1.307554,0.013985,0.101855,-0.355039,-0.436544,-0.386286,-0.37675,-0.402522,-0.313734,-0.00113,0.542148,0.109263,-0.169299,-0.176294,0.804839,0.173008,-0.564938
3.385579,-0.970086,-0.179149,-0.02149,0.254337,0.306874,0.217319,0.008236,-0.179149,-0.02149,0.846756,-0.117887,-0.354294,-0.393391,-0.436858,-0.400763,-0.327868,-0.456622,-0.207532,1.248424,0.040878,-0.324256,-0.526966,-0.45552,1.522533,0.370955,0.495291,0.954684,0.009073,0.099494,-0.286303,-0.422984,-0.331658,-0.320439,-0.357815,-0.232768,-0.354294,-0.393391,0.008236,-0.179149,-0.02149,0.846756,-0.117887,-0.5771
1.486276,0.839116,-0.283994,-0.13151,0.121342,0.10702,0.011473,0.011215,-0.283994,-0.13151,0.941441,-0.239204,-0.153638,-0.278542,-0.556051,-0.435858,-0.281521,-0.426169,-0.643935,1.248424,-0.036233,-0.268393,-0.475064,-0.749528,0.456328,0.283228,0.575752,1.053735,-0.013943,0.187848,-0.297177,-0.442778,-0.304579,-0.292937,-0.370426,-0.185523,-0.153638,-0.278542,0.011215,-0.283994,-0.13151,0.941441,-0.239204,-0.16516
1.47846,0.322867,-0.274145,-0.272317,0.221358,0.390097,0.279091,0.371943,-0.274145,-0.272317,0.90995,0.015311,0.196609,0.597233,-0.462084,-0.424301,-0.266218,-0.44603,-0.251183,1.248424,-0.344677,-0.225375,-0.395463,-0.787524,0.857737,0.341867,0.756317,1.143245,-0.008833,0.26791,-0.276089,-0.419232,-0.27632,-0.264145,-0.348926,-0.1715,0.196609,0.597233,0.371943,-0.274145,-0.272317,0.90995,0.015311,-0.266606
1.22053,0.990832,-0.362056,-0.244519,0.269994,0.632148,0.138778,0.302817,-0.362056,-0.244519,0.766327,0.318822,0.320068,0.646784,-0.356825,-0.386509,-0.231347,-0.424277,0.065066,0.983142,-0.576011,-0.158014,-0.359645,-0.790285,1.703437,0.716127,0.727179,1.173008,0.227205,0.250792,-0.226642,-0.380504,-0.238353,-0.225043,-0.305138,-0.13831,0.320068,0.646784,0.302817,-0.362056,-0.244519,0.766327,0.318822,-0.216681
1.025128,-0.405034,-0.331199,-0.077184,0.15843,0.089764,0.19455,0.279417,-0.331199,-0.077184,0.803137,0.057853,-0.227919,-0.30969,-0.418639,-0.33345,-0.166598,-0.359461,-0.081752,0.71786,-0.653122,-0.053456,-0.37152,-0.672513,1.606212,0.367606,0.596444,0.924723,0.061948,0.220565,-0.171352,-0.323712,-0.177241,-0.161776,-0.251431,-0.051963,-0.227919,-0.30969,0.279417,-0.331199,-0.077184,0.803137,0.057853,-0.160117
1.642597,-1.021737,-0.086392,-0.098203,0.257916,0.027532,0.222894,0.32284,-0.086392,-0.098203,0.926568,0.020006,-0.011766,-0.143007,-0.6089,-0.553834,-0.127867,-0.350895,0.043915,0.71786,-0.653122,-0.016726,-0.370163,-0.585049,0.083948,0.618345,0.334831,1.083763,0.442261,0.24067,-0.184661,-0.346978,-0.153264,-0.13752,-0.2669,-0.005414,-0.011766,-0.143007,0.32284,-0.086392,-0.098203,0.926568,0.020006,-0.20432
0.149729,-0.121408,0.019456,-0.103253,0.451323,0.177587,0.535176,0.521916,0.019456,-0.103253,0.82633,0.086458,0.361068,0.784752,-0.586842,-0.506912,-0.07695,-0.36413,0.38979,1.049463,-0.653122,0.019394,-0.284602,-0.658761,1.365626,0.536729,0.307348,1.172043,0.374504,0.216103,-0.138655,-0.326945,-0.097313,-0.080042,-0.231871,0.018768,0.361068,0.784752,0.521916,0.019456,-0.103253,0.82633,0.086458,0.029077
-0.233258,0.100083,-0.066363,-0.06054,0.451265,0.418915,0.493767,0.437494,-0.066363,-0.06054,0.740326,0.454661,0.495506,0.85074,-0.492044,-0.466528,-0.030422,-0.285243,0.078866,1.248424,-0.653122,0.11971,-0.26022,-0.793936,2.785168,0.70153,0.374234,1.200061,0.482728,0.25588,-0.100135,-0.265941,-0.057438,-0.039332,-0.186623,0.037837,0.495506,0.85074,0.437494,-0.066363,-0.06054,0.740326,0.454661,-0.072711
-0.233258,1.377243,0.178774,0.126834,0.482219,0.124175,0.558636,0.370751,0.178774,0.126834,1.10266,0.21731,0.028205,-0.069463,-0.381982,-0.317074,0.013969,-0.229548,0.566272,1.248424,-0.653122,0.221817,-0.088908,-0.389429,2.069259,0.598779,0.4184,1.035687,0.343172,0.227566,-0.029028,-0.182962,-0.003091,0.01647,-0.113387,0.066803,0.028205,-0.069463,0.370751,0.178774,0.126834,1.10266,0.21731,0.13185
0.642141,1.015428,0.498559,0.262033,0.753742,0.225519,0.754582,0.45116,0.498559,0.262033,0.638343,0.174768,0.270947,0.129096,-0.24447,-0.036373,0.048251,-0.244184,1.211183,1.248424,-0.653122,0.275789,0.059345,0.34581,1.055479,0.662979,0.596768,1.154134,0.41662,0.381099,-0.03963,-0.228339,0.018368,0.038108,-0.132722,0.029413,0.270947,0.129096,0.45116,0.498559,0.262033,0.638343,0.174768,0.184085
0.454556,0.492188,0.439915,0.088747,0.568322,0.25116,0.572614,0.598471,0.439915,0.088747,0.605172,0.341707,0.541653,1.001766,-0.122599,0.024912,0.08829,-0.212069,0.701877,1.248424,-0.653122,0.336799,0.136947,0.272541,1.360013,0.555564,0.518734,0.55785,0.384847,0.366859,-0.016274,-0.167267,0.062807,0.083846,-0.094946,0.076356,0.541653,1.001766,0.598471,0.439915,0.088747,0.605172,0.341707,0.029547
0.00904,1.760675,0.240514,0.07862,0.502303,0.53773,0.486379,0.523346,0.240514,0.07862,0.554425,0.530356,0.565384,0.951888,-0.037924,0.086771,0.140819,-0.106622,0.381615,0.983142,-0.653122,0.417706,0.204978,0.009565,2.172165,0.258422,0.02829,-0.393404,0.180477,0.017205,0.049516,-0.15245,0.102201,0.124424,-0.049601,0.065183,0.565384,0.951888,0.523346,0.240514,0.07862,0.554425,0.530356,0.15167
-0.592796,0.10785,0.41482,0.425452,0.531982,0.301084,0.578643,0.607012,0.41482,0.425452,0.688941,0.285229,0.238582,0.011037,0.026108,0.199837,0.179195,-0.118221,0.119518,0.784181,-0.653122,0.538649,0.141981,0.705366,0.69374,0.131743,0.108718,-0.16555,0.123922,0.109836,0.123859,-0.077777,0.159043,0.182844,0.022501,0.122264,0.238582,0.011037,0.607012,0.41482,0.425452,0.688941,0.285229,0.117486
-0.436475,-0.808143,0.549079,0.40221,0.787304,0.404931,0.711095,0.694374,0.549079,0.40221,0.750029,0.231832,0.504369,0.282095,0.123271,0.360434,0.220226,-0.087527,0.219384,0.518898,-0.653122,0.581801,0.10944,0.779111,0.240695,0.122397,0.16704,-0.25813,0.158691,0.194443,0.113607,-0.088529,0.186541,0.210265,0.018783,0.1647,0.504369,0.282095,0.694374,0.549079,0.40221,0.750029,0.231832,0.122222
-0.772566,0.241184,0.653337,0.309319,0.626558,0.679435,0.712337,0.919551,0.653337,0.309319,0.652344,0.333345,0.706912,1.123649,0.617218,0.678277,0.251311,-0.06775,0.064503,0.253616,-0.653122,0.647532,0.059173,0.242733,0.699696,0.00827,-0.001414,-0.529011,0.099185,0.091817,0.167624,-0.019689,0.231195,0.255367,0.076982,0.169813,0.706912,1.123649,0.919551,0.653337,0.309319,0.652344,0.333345,0.238163
-0.06912,-0.27636,0.495867,0.455906,0.70984,0.619144,0.750588,0.895039,0.495867,0.455906,0.638939,0.507765,0.876574,1.242317,0.666343,0.751099,0.292596,-0.01482,0.126118,0.253616,-0.653122,0.762096,-0.052876,-0.278584,1.094576,0.057449,-0.269709,-0.936591,0.179724,-0.081621,0.260468,-0.004167,0.277188,0.301667,0.141166,0.173853,0.876574,1.242317,0.895039,0.495867,0.455906,0.638939,0.507765,0.522404
-0.201993,-0.441151,0.568521,0.732289,0.891041,0.500471,1.027942,0.891304,0.568521,0.732289,0.68709,0.267919,0.425685,0.145728,0.687571,0.661122,0.335993,0.015285,0.537958,0.054655,-0.653122,0.868338,0.041947,-0.116185,0.368763,0.092873,-0.239578,-0.605063,0.191123,-0.071186,0.372189,0.073067,0.334962,0.36015,0.234994,0.308572,0.425685,0.145728,0.891304,0.568521,0.732289,0.68709,0.267919,0.437577
-0.921071,1.767925,0.835755,0.705698,1.197722,0.95696,1.387504,0.982758,0.835755,0.705698,0.777774,0.123132,0.771529,0.575559,0.63643,0.731557,0.396076,0.128161,0.241472,0.054655,-0.653122,0.884548,0.174032,-0.114414,0.365644,0.097708,-0.110455,-0.488614,0.196435,0.031972,0.380327,0.151383,0.380653,0.406451,0.273683,0.389368,0.771529,0.575559,0.982758,0.835755,0.705698,0.777774,0.123132,0.542202
-0.311418,-1.42381,0.852701,0.837791,0.558631,0.739991,0.561605,1.149296,0.852701,0.837791,0.715134,0.366645,1.025251,1.424653,0.803082,1.095552,0.49273,0.297287,0.030565,-0.144307,-0.653122,0.905816,0.109127,1.102204,0.059551,0.149767,0.170972,-0.391377,0.250108,0.268013,-0.223423,0.31973,0.380376,0.40273,0.005605,0.464791,1.025251,1.424653,1.149296,0.852701,0.837791,0.715134,0.366645,0.384709
0.134097,0.82876,0.791218,1.093759,0.706143,0.987499,0.673793,1.107821,0.791218,1.093759,0.681451,0.671183,1.191196,1.607831,0.673971,0.944909,0.53636,0.460397,0.327651,-0.144307,-0.653122,0.956353,0.187915,0.120763,0.882671,0.447551,0.261527,-0.096247,0.488085,0.325803,-0.27682,0.49136,0.415474,0.43772,0.046745,0.504119,1.191196,1.607831,1.107821,0.791218,1.093759,0.681451,0.671183,-0.103132
-0.710037,1.320802,0.922553,1.512057,1.1493,0.64387,1.308129,1.219217,0.922553,1.512057,0.786839,0.416961,0.829055,0.588224,0.694167,0.882185,0.546451,0.463606,0.074216,-0.144307,-0.653122,1.019839,0.319963,0.989165,0.38377,0.297928,0.440744,-0.313549,0.276232,0.390119,0.093369,0.444041,0.465042,0.488327,0.240262,0.589506,0.829055,0.588224,1.219217,0.922553,1.512057,0.786839,0.416961,-0.039308
-0.717853,0.658144,1.175178,1.467408,1.601842,1.445063,1.876273,1.391675,1.175178,1.467408,0.752497,0.367085,0.998375,0.869756,0.511061,0.691877,0.566114,0.467609,0.408504,-0.276948,-0.653122,1.02737,0.408678,1.821711,0.955021,0.395699,0.303172,-0.248031,0.34428,0.280166,0.17897,0.510029,0.505378,0.528739,0.318121,0.596792,0.998375,0.869756,1.391675,1.175178,1.467408,0.752497,0.367085,-0.186807
-0.32705,0.032509,1.083376,1.505485,1.055489,0.948515,1.053674,1.521784,1.083376,1.505485,0.736602,0.538864,1.437256,1.937713,0.571434,0.575844,0.594024,0.472519,0.521945,-0.343269,-0.653122,1.022991,0.484948,1.02229,0.607451,0.497962,0.597695,0.176436,0.433884,0.518283,0.287978,0.486879,0.537529,0.560398,0.374583,0.530767,1.437256,1.937713,1.521784,1.083376,1.505485,0.736602,0.538864,-0.068499
-0.850727,-0.091763,0.966809,1.485285,1.544323,1.252875,1.479726,1.488452,0.966809,1.485285,0.742347,0.880369,1.586618,2.046943,0.632533,0.673303,0.647263,0.563716,0.494944,-0.343269,-0.653122,1.047409,0.555088,1.215346,0.678521,0.629179,0.608181,0.465298,0.521236,0.514307,0.431056,0.609933,0.607431,0.631208,0.507432,0.546906,1.586618,2.046943,1.488452,0.966809,1.485285,0.742347,0.880369,0.244432
-1.171185,-1.031187,1.350695,1.689987,1.757925,1.307596,1.926561,1.456789,1.350695,1.689987,0.781392,0.681305,1.016845,0.629811,0.847533,0.713312,0.702348,0.585126,0.218109,-0.276948,-0.653122,1.082432,0.597194,1.203718,-0.178599,0.682045,0.778219,0.605487,0.6528,0.738578,0.591655,0.584642,0.669015,0.693045,0.593636,0.638191,1.016845,0.629811,1.456789,1.350695,1.689987,0.781392,0.681305,0.070123
-0.50682,-0.230534,1.561793,1.733493,2.031803,1.295233,2.095928,1.513362,1.561793,1.733493,0.898588,0.544439,1.351252,0.993031,0.801062,0.716019,0.749419,0.652478,0.24166,-0.011666,-0.653122,1.078396,0.747216,0.510473,-0.124569,0.659248,0.876934,0.640687,0.744478,0.929545,0.589133,0.660653,0.712183,0.73541,0.626827,0.712669,1.351252,0.993031,1.513362,1.561793,1.733493,0.898588,0.544439,0.012425
-0.553716,-0.542769,1.69571,1.612977,1.303289,0.920759,1.356978,1.664526,1.69571,1.612977,0.857267,0.789858,1.473681,2.018695,0.888817,0.69743,0.792849,0.663979,0.375352,0.054655,-0.653122,1.080435,0.619093,1.107919,1.612732,0.629117,0.824539,0.881782,0.783661,0.957095,0.664916,0.633307,0.751619,0.77405,0.663623,0.68609,1.473681,2.018695,1.664526,1.69571,1.612977,0.857267,0.789858,-0.079815
-0.889807,0.836657,1.358562,1.439853,1.225075,1.173507,1.115201,1.571046,1.358562,1.439853,0.786924,1.089702,1.626932,2.130851,1.034379,0.882565,0.859446,0.782754,0.619336,-0.077987,-0.653122,1.104985,0.704934,-0.332737,1.632466,0.826069,0.616619,0.425051,0.888354,0.723977,0.784232,0.836067,0.837507,0.860913,0.816518,0.751347,1.626932,2.130851,1.571046,1.358562,1.439853,0.786924,1.089702,-0.335282
-0.413027,1.22229,1.262074,1.36313,1.290753,0.440437,1.40037,1.18386,1.262074,1.36313,0.759008,0.800567,1.335069,0.735737,1.020272,1.031884,0.933474,0.842696,1.007776,-0.409589,-0.653122,1.134311,0.853155,-0.101478,1.272315,0.640476,0.811038,0.648395,0.707515,0.854649,0.880984,0.802662,0.895761,0.918533,0.863505,0.826707,1.335069,0.735737,1.18386,1.262074,1.36313,0.759008,0.800567,-0.303043
-0.092569,0.051539,1.666883,1.290629,1.288515,0.029999,1.138576,1.489009,1.666883,1.290629,0.813052,0.388796,1.649005,1.069237,1.112435,1.172379,0.969637,0.828666,0.18267,-0.727928,-0.653122,1.165024,0.777884,1.646638,1.435212,0.542512,0.529262,0.22482,0.65715,0.650401,0.860121,0.884817,0.940939,0.96331,0.886923,0.930449,1.649005,1.069237,1.489009,1.666883,1.290629,0.813052,0.388796,-0.495438
-0.178545,1.058794,1.651662,1.254793,0.812792,0.731391,0.770701,1.733016,1.651662,1.254793,0.803392,0.746437,2.051746,2.24112,1.036888,1.22,1.026426,0.884432,0.177232,-1.019738,-0.653122,1.185672,0.922307,-0.392258,1.294422,0.572457,0.485717,0.353725,0.708505,0.640427,0.951886,0.859146,0.98838,1.011368,0.926032,0.991548,2.051746,2.24112,1.733016,1.651662,1.254793,0.803392,0.746437,-0.796407
-0.147281,-1.446594,0.943121,0.793817,0.433513,0.159488,0.203918,0.973978,0.943121,0.793817,0.237923,0.981441,1.102677,1.194533,1.546858,1.717738,1.101587,1.07921,-0.0213,-1.2187,-0.961566,1.20255,0.797486,1.544694,-0.437101,0.427554,0.356075,0.531555,0.621227,0.561893,1.067883,1.117496,1.07895,1.102357,1.097549,1.042079,1.102677,1.194533,0.973978,0.943121,0.793817,0.237923,0.981441,-1.00529
1.048576,-1.201155,-1.657213,-1.324103,-1.754069,-1.216948,-0.530205,-2.321122,-1.657213,-1.324103,-3.667682,-0.165563,-1.407551,-2.020308,1.79312,2.148612,1.19035,1.048813,-6.752912,-1.828849,-1.578455,1.202658,0.429085,-0.517557,-0.283506,-0.435897,-0.78854,-1.050456,-0.025304,-0.355317,1.321794,1.033323,1.178943,1.20339,1.218121,1.299475,-1.407551,-2.020308,-2.321122,-1.657213,-1.324103,-3.667682,-0.165563,-6.324258
0.274786,2.851815,0.260543,0.22517,0.92626,0.964979,1.756794,-1.691874,0.260543,0.22517,-3.491994,0.576271,-1.344707,-1.960743,1.38975,1.732431,1.25436,1.157051,-0.76514,-1.934962,-1.578455,1.214442,0.786423,-1.459336,0.296741,0.394088,-0.105354,-0.61902,0.658751,0.220892,1.413532,1.194599,1.255181,1.279497,1.33614,1.346295,-1.344707,-1.960743,-1.691874,0.260543,0.22517,-3.491994,0.576271,-2.568702
-0.280154,3.780623,1.224793,0.641326,1.211887,0.945814,0.723226,-1.357367,1.224793,0.641326,-2.859415,1.229502,-1.199004,-1.77391,1.138649,1.485897,1.305772,1.195363,0.189308,-1.934962,-1.578455,1.213231,1.109533,-3.83708,0.339548,0.452029,0.362949,-0.37976,0.689837,0.613592,1.49987,1.161545,1.29788,1.321101,1.374362,1.37598,-1.199004,-1.77391,-1.357367,1.224793,0.641326,-2.859415,1.229502,-1.281981
-0.72567,0.073286,1.131571,0.823793,1.102169,1.126623,0.533561,-1.050072,1.131571,0.823793,-1.859098,1.610174,-0.467116,-1.595871,1.013697,1.358193,1.398523,1.506911,0.546284,-1.934962,-1.578455,1.246979,1.526841,-1.594332,-0.406809,0.988045,0.847626,0.139986,1.115445,1.005173,1.582276,1.543025,1.403655,1.428256,1.572862,1.451139,-0.467116,-1.595871,-1.050072,1.131571,0.823793,-1.859098,1.610174,-0.999459
-0.467739,0.331799,0.395304,1.058039,-0.20035,-0.016908,-0.461632,-1.439365,0.395304,1.058039,-2.705367,1.268816,-0.755377,-1.863714,0.931784,1.102809,1.458717,1.51933,-1.471404,-1.934962,-0.807344,1.26226,1.560779,0.167136,-0.469807,1.174899,0.738392,0.307419,1.309007,0.943059,1.716377,1.513739,1.527766,1.496528,1.642358,1.509141,-0.755377,-1.863714,-1.439365,0.395304,1.058039,-2.705367,1.268816,3.367142
-0.58498,0.4118,1.057901,1.108648,0.772687,0.141129,0.915955,-1.165521,1.057901,1.108648,-2.08515,1.124175,-0.519382,-1.671758,0.797697,0.987929,1.513368,1.62079,-0.690212,-1.934962,-0.653122,1.269941,1.884507,1.51474,-0.243604,1.436691,1.215921,0.898366,1.548123,1.370163,1.691467,1.665781,1.584481,1.549563,1.687939,1.596968,-0.519382,-1.671758,-1.165521,1.057901,1.108648,-2.08515,1.124175,0.469969
-1.053944,-1.381998,1.320547,1.252353,0.422204,0.464678,-0.047714,-0.422731,1.320547,1.252353,-1.2765,1.587877,-0.31518,-1.02633,0.847048,1.070985,1.592646,1.828803,-0.063151,-1.934962,-0.653122,1.280749,2.108219,2.045974,-0.756189,1.585928,1.668295,1.235057,1.715442,1.807352,1.72904,1.813391,1.649998,1.612396,1.769287,1.58707,-0.31518,-1.02633,-0.422731,1.320547,1.252353,-1.2765,1.587877,-0.50683
0.095017,-1.402192,0.965867,0.905152,0.458228,0.944057,0.099565,-0.333304,0.965867,0.905152,-1.000106,1.984685,-0.242901,-0.95344,1.062649,1.199888,1.644456,1.909504,0.472593,-1.934962,-0.653122,1.294853,2.029157,2.759009,-1.03171,1.957402,1.774323,1.712948,2.055931,1.917371,1.865361,1.948964,1.724028,1.683665,1.90713,1.670762,-0.242901,-0.95344,-0.333304,0.965867,0.905152,-1.000106,1.984685,-0.70646
-0.358315,-1.376043,1.378971,0.983594,0.619855,1.065989,0.552942,0.250098,1.378971,0.983594,-0.553833,1.856621,0.648013,-0.198825,1.293205,1.349168,1.725146,1.971961,0.58986,-1.590095,-0.344677,1.297294,1.871417,3.089732,-1.339503,2.104293,2.052744,2.014133,2.281729,2.262758,2.003176,1.939304,1.802973,1.759771,1.986302,1.721163,0.648013,-0.198825,0.250098,1.378971,0.983594,-0.553833,1.856621,1.376939
-0.381763,0.433288,1.429552,0.939152,1.167478,1.336075,1.287298,0.664777,1.429552,0.939152,-0.240097,1.531986,1.206178,0.249871,1.323132,1.273564,1.821706,2.112095,-0.076052,-0.820777,-0.190455,1.29775,2.004898,0.631452,-1.260951,1.73029,2.180223,2.033593,2.067819,2.513097,1.948946,2.005226,1.86388,1.818101,1.985723,1.785729,1.206178,0.249871,0.664777,1.429552,0.939152,-0.240097,1.531986,-0.295829
-0.186361,-0.35636,1.20108,0.746512,0.550704,1.01531,0.174596,0.87732,1.20108,0.746512,-0.069494,1.75816,2.389585,1.185833,1.636464,1.42599,1.873871,2.16921,-0.268922,-0.330005,-0.190455,1.297171,2.202144,0.655478,-1.226699,1.504839,1.879475,1.923879,1.966398,2.346101,1.999173,2.134373,1.939124,1.892678,2.071089,1.837798,2.389585,1.185833,0.87732,1.20108,0.746512,-0.069494,1.75816,-0.485728
-0.155097,-0.60866,0.984966,0.785643,0.483265,1.498676,0.406833,0.933654,0.984966,0.785643,-0.055557,2.197832,2.543979,1.3821,1.937944,1.647268,1.956638,2.217339,0.033452,-0.011666,-0.190455,1.307355,2.144384,2.190358,-1.449343,1.877398,1.676094,1.830106,2.324916,2.150936,2.135934,2.25003,2.032581,1.986719,2.195259,2.017672,2.543979,1.3821,0.933654,0.984966,0.785643,-0.055557,2.197832,-0.122737
-0.592796,1.432777,1.1882,0.989253,0.71828,1.941048,0.664772,1.054387,1.1882,0.989253,-0.036514,1.91926,1.584788,0.467283,2.094607,2.14629,2.118159,2.446403,-0.002662,0.054655,-0.190455,1.321645,2.265121,-0.254676,-0.826898,1.480116,1.498979,1.145508,1.942411,1.97595,2.2424,2.373543,2.162545,2.121734,2.30549,2.156664,1.584788,0.467283,1.054387,1.1882,0.989253,-0.036514,1.91926,0.095249
-0.960151,-0.683353,1.389591,1.095069,1.188436,2.393165,1.558099,1.205511,1.389591,1.095069,0.026084,1.784154,2.107614,0.737513,3.798955,2.0934,2.243184,2.439541,1.372289,0.054655,-0.190455,1.344874,2.532444,2.147933,-1.820622,1.600165,1.724389,1.165115,2.078137,2.216659,2.11652,2.351743,2.255117,2.202033,2.232183,2.24633,2.107614,0.737513,1.205511,1.389591,1.095069,0.026084,1.784154,0.038261
